Timestamp,Temperature (°C),Humidity (%),Luminosity (lux),Pressure (hPa),Dust (µg/m³)
2025-02-01 00:00:00,10.0,90.0,0.0,991.9077072343489,66.61187131389102
2025-02-01 00:15:00,10.0,90.0,0.0,1009.4979698060029,70.86878587045044
2025-02-01 00:30:00,10.0,90.0,0.0,1000.9602307860223,69.17087382783998
2025-02-01 00:45:00,10.0,90.0,0.0,1008.0866294457735,70.94144787270957
2025-02-01 01:00:00,10.0,90.0,0.0,1014.449737799915,72.99937406767225
2025-02-01 01:15:00,10.0,90.0,0.0,1003.4623967602608,87.82751477373327
2025-02-01 01:30:00,10.0,90.0,0.0,1002.5280115914984,65.27578946228331
2025-02-01 01:45:00,10.0,90.0,0.0,991.801278333994,67.17121639634007
2025-02-01 02:00:00,10.0,90.0,0.0,996.7109745025468,69.51223675173593
2025-02-01 02:15:00,10.0,90.0,0.0,1002.497062520639,57.56092325945709
2025-02-01 02:30:00,10.0,90.0,0.0,1006.9807499030235,81.51867165722464
2025-02-01 02:45:00,10.0,90.0,0.0,1010.0934759026094,70.0123011505956
2025-02-01 03:00:00,10.0,90.0,0.0,999.5235283287135,95.80762878548775
2025-02-01 03:15:00,10.0,90.0,0.0,991.6484086726476,91.07079376389021
2025-02-01 03:30:00,10.0,90.0,0.0,997.2036399826999,61.508995194484996
2025-02-01 03:45:00,10.0,90.0,0.0,1012.7398381929903,62.11569860956049
2025-02-01 04:00:00,10.0,90.0,0.0,995.3346338394979,89.11352957486739
2025-02-01 04:15:00,10.0,90.0,0.0,1001.3030990454421,77.99434776804397
2025-02-01 04:30:00,10.0,90.0,0.0,1013.2801504922255,50.51053528487957
2025-02-01 04:45:00,10.0,89.64318395909484,0.0,990.6224806887587,81.49415263266262
2025-02-01 05:00:00,10.0,87.76457135307562,0.0,1005.013722936603,69.7456456174187
2025-02-01 05:15:00,11.098193559677433,85.85270966048385,0.0,1013.7532375103411,89.26068826558162
2025-02-01 05:30:00,12.389476155598969,83.91578576660154,0.0,995.7575719755241,87.34235172417127
2025-02-01 05:45:00,13.691937415397138,81.96209387690429,0.0,1003.7122479809008,96.116400427095
2025-02-01 06:00:00,15.0,80.0,0.0,1012.7282093721683,84.96429856321836
2025-02-01 06:15:00,16.30806258460286,78.03790612309571,3270.156461507153,993.3292361439812,95.64892934215527
2025-02-01 06:30:00,17.61052384440103,76.08421423339846,6526.309611002579,1003.0853145168442,64.23274093305459
2025-02-01 06:45:00,18.901806440322567,74.14729033951615,9754.516100806413,1008.7602464775508,66.93578449616345
2025-02-01 07:00:00,20.176380902050415,72.23542864692438,12940.95225512604,1006.7253310220979,52.96004226569378
2025-02-01 07:15:00,21.428789306063234,70.35681604090516,16071.973265158082,1001.6938214936246,93.34680547025326
2025-02-01 07:30:00,22.653668647301796,68.5194970290473,19134.171618254488,995.1212272574448,57.71087939470881
2025-02-01 07:45:00,23.845773804380023,66.73133929342997,22114.43451095006,1002.2691472272768,77.56597560786535
2025-02-01 08:00:00,25.0,65.0,24999.999999999993,999.3096172346264,75.45976942166368
2025-02-01 08:15:00,26.111404660392044,63.33289300941193,27778.51165098011,1001.9350288712897,90.69675394726801
2025-02-01 08:30:00,27.175228580174412,61.737157129738385,30438.071450436026,999.1472596445149,69.39947332053671
2025-02-01 08:45:00,28.18691630200138,60.21962554699793,32967.29075500344,1010.9479498577315,57.13323360631528
2025-02-01 09:00:00,29.14213562373095,58.78679656440357,35355.33905932738,1009.2161876629877,69.15405229990431
2025-02-01 09:15:00,30.03679614957955,57.44480577563068,37591.99037394887,997.8498669303166,52.402499730832616
2025-02-01 09:30:00,30.867066805824706,56.19939979126294,39667.66701456176,1004.3156333160988,65.0734906593008
2025-02-01 09:45:00,31.6293922460509,55.055911630923646,41573.48061512726,996.9012262082674,81.50013561091225
2025-02-01 10:00:00,32.32050807568877,54.01923788646685,43301.27018922193,1001.32107331366,52.85715720343375
2025-02-01 10:15:00,32.93745483065376,53.093817754019355,44843.637076634404,998.8244591486099,99.48481132264074
2025-02-01 10:30:00,33.477590650225736,52.283614024661404,46193.97662556433,1006.434986569494,76.80945444667171
2025-02-01 10:45:00,33.93860258990212,51.59209611514683,47346.50647475529,999.2587770747009,65.00359265984632
2025-02-01 11:00:00,34.31851652578137,51.02222521132795,48296.29131445342,1001.4773244472858,91.68936217254077
2025-02-01 11:15:00,34.615705608064616,50.57644158790308,49039.26402016153,1007.9831030627261,56.87325906348789
2025-02-01 11:30:00,34.828897227476205,50.25665415878569,49572.24306869051,1000.3247957278459,66.09819859813611
2025-02-01 11:45:00,34.95717846477207,50.064232302841894,49892.94616193017,1012.6605817291085,96.85750039859289
2025-02-01 12:00:00,35.0,50.0,50000.0,994.511290480067,61.99665411785915
2025-02-01 12:15:00,34.95717846477207,50.06423230284189,49892.94616193018,1008.5279718228317,86.64459635976715
2025-02-01 12:30:00,34.828897227476205,50.25665415878569,49572.24306869051,1000.5593510910785,54.04651912540117
2025-02-01 12:45:00,34.615705608064616,50.57644158790308,49039.26402016153,1000.6613393171235,76.62373179666267
2025-02-01 13:00:00,34.31851652578137,51.02222521132794,48296.291314453425,1005.8594967158459,82.90555530982368
2025-02-01 13:15:00,33.93860258990212,51.59209611514683,47346.50647475529,1003.0726550257086,60.486152267650056
2025-02-01 13:30:00,33.477590650225736,52.28361402466139,46193.97662556434,1000.3721494609861,66.38150607746215
2025-02-01 13:45:00,32.93745483065376,53.093817754019355,44843.63707663441,990.035672014069,77.52545383654709
2025-02-01 14:00:00,32.32050807568878,54.01923788646684,43301.270189221934,992.3065586461688,79.49924792566365
2025-02-01 14:15:00,31.6293922460509,55.055911630923646,41573.48061512726,1007.7348598431303,57.71087780626641
2025-02-01 14:30:00,30.867066805824706,56.19939979126294,39667.66701456176,1003.1086399191299,70.53873262259826
2025-02-01 14:45:00,30.03679614957955,57.44480577563068,37591.99037394887,1007.4040115879242,99.98665070836529
2025-02-01 15:00:00,29.142135623730955,58.78679656440357,35355.33905932739,1013.8867080750731,66.1217471565609
2025-02-01 15:15:00,28.18691630200138,60.21962554699793,32967.29075500345,1007.0728463593855,89.26780302538165
2025-02-01 15:30:00,27.175228580174416,61.73715712973838,30438.071450436037,991.3282172668239,60.0806961668534
2025-02-01 15:45:00,26.111404660392047,63.33289300941193,27778.51165098012,997.7213171215949,73.05969817267928
2025-02-01 16:00:00,25.0,78.0,9999.999999999998,1004.8148671830843,75.90847770428886
2025-02-01 16:15:00,23.845773804380034,80.07760715211595,8845.773804380033,995.8780101814366,79.80091449630146
2025-02-01 16:30:00,22.6536686473018,82.22339643485675,7653.668647301798,1014.1242749884032,85.88264874150624
2025-02-01 16:45:00,21.428789306063237,84.42817924908617,6428.789306063237,1013.6262055948198,89.79551886040218
2025-02-01 17:00:00,20.17638090205042,72.23542864692438,12940.95225512605,1011.2100220209422,85.00828576671736
2025-02-01 17:15:00,18.901806440322563,74.14729033951616,9754.516100806408,1001.80809990721,90.36002602549554
2025-02-01 17:30:00,17.61052384440104,76.08421423339844,6526.3096110026,1011.03691787246,94.29808497336977
2025-02-01 17:45:00,16.30806258460286,78.03790612309571,3270.1564615071557,993.2777660586978,66.30596425353346
2025-02-01 18:00:00,15.000000000000002,80.0,6.123233995736766e-12,997.7183414324459,91.36546524487838
2025-02-01 18:15:00,13.691937415397142,81.96209387690429,0.0,1001.5749098538604,75.99890928016674
2025-02-01 18:30:00,12.389476155598965,83.91578576660156,0.0,1008.5461800170867,62.971393311118554
2025-02-01 18:45:00,11.09819355967744,85.85270966048384,0.0,1002.1456307177224,58.65368522006338
2025-02-01 19:00:00,10.0,87.76457135307562,0.0,993.4219029699362,88.22245032909203
2025-02-01 19:15:00,10.0,89.64318395909484,0.0,998.5884132426089,81.8316414259457
2025-02-01 19:30:00,10.0,90.0,0.0,998.1106542418111,53.53656844539474
2025-02-01 19:45:00,10.0,90.0,0.0,997.510472607951,79.3726862710954
2025-02-01 20:00:00,10.0,90.0,0.0,994.1375350116447,52.22733097774825
2025-02-01 20:15:00,10.0,90.0,0.0,1000.3725443143313,69.56280252666043
2025-02-01 20:30:00,10.0,90.0,0.0,1001.2030164375681,78.55806189693664
2025-02-01 20:45:00,10.0,90.0,0.0,1009.3725093953504,82.50973273276443
2025-02-01 21:00:00,10.0,90.0,0.0,1009.9097675195637,57.892637790426775
2025-02-01 21:15:00,10.0,90.0,0.0,1003.0597532000403,52.241831960729556
2025-02-01 21:30:00,10.0,90.0,0.0,1001.5157574040819,78.80118821249542
2025-02-01 21:45:00,10.0,90.0,0.0,1009.4553400385975,90.93921280265644
2025-02-01 22:00:00,10.0,90.0,0.0,1012.1822237963183,89.83058155177878
2025-02-01 22:15:00,10.0,90.0,0.0,1006.8729692466696,67.98299457675891
2025-02-01 22:30:00,10.0,90.0,0.0,1010.0119762249616,78.84755585627764
2025-02-01 22:45:00,10.0,90.0,0.0,1013.4777838433047,85.93489398445314
2025-02-01 23:00:00,10.0,90.0,0.0,991.0163952359171,93.65941953559306
2025-02-01 23:15:00,10.0,90.0,0.0,1011.8917931217521,74.58136432138335
2025-02-01 23:30:00,10.0,90.0,0.0,996.9140768112784,93.7750057353456
2025-02-01 23:45:00,10.0,90.0,0.0,1001.8941124856061,65.88644399477973
2025-02-02 00:00:00,10.0,90.0,0.0,1009.9190239232976,60.96260706227691
2025-02-02 00:15:00,10.0,90.0,0.0,1007.9310558068807,64.70616407055516
2025-02-02 00:30:00,10.0,90.0,0.0,993.6786892985423,86.48837113366588
2025-02-02 00:45:00,10.0,90.0,0.0,1006.4687064738537,94.25702066560024
2025-02-02 01:00:00,10.0,90.0,0.0,991.7313017502458,73.55910945017011
2025-02-02 01:15:00,10.0,90.0,0.0,998.926765708822,84.79588666873406
2025-02-02 01:30:00,10.0,90.0,0.0,1010.3207387540926,56.94068771977117
2025-02-02 01:45:00,10.0,90.0,0.0,1000.6926208256888,75.371464260159
2025-02-02 02:00:00,10.0,90.0,0.0,1004.9963609385861,71.74205716364783
2025-02-02 02:15:00,10.0,90.0,0.0,1008.2040320786783,71.58021299858525
2025-02-02 02:30:00,10.0,90.0,0.0,1010.530690207664,59.402233124132316
2025-02-02 02:45:00,10.0,90.0,0.0,1009.012877999507,81.13905221932748
2025-02-02 03:00:00,10.0,90.0,0.0,990.178581881975,83.60361547567354
2025-02-02 03:15:00,10.0,90.0,0.0,1000.5064208418133,81.8161907483375
2025-02-02 03:30:00,10.0,90.0,0.0,1001.5784054509537,87.13781595541276
2025-02-02 03:45:00,10.0,90.0,0.0,991.3874875778181,72.91116532028457
2025-02-02 04:00:00,10.0,90.0,0.0,1003.5360533023805,92.62997452493354
2025-02-02 04:15:00,10.0,90.0,0.0,1005.1942687860967,78.56060997813776
2025-02-02 04:30:00,10.0,90.0,0.0,1010.7113298749032,94.09050020587426
2025-02-02 04:45:00,10.0,89.64318395909484,0.0,1013.5452317047863,70.50773765936447
2025-02-02 05:00:00,10.0,87.76457135307562,0.0,993.2036963500683,85.00693096273103
2025-02-02 05:15:00,11.098193559677433,85.85270966048385,0.0,995.7607668602554,59.84025153707765
2025-02-02 05:30:00,12.389476155598969,83.91578576660154,0.0,1006.478959926764,54.15334991401074
2025-02-02 05:45:00,13.691937415397138,81.96209387690429,0.0,993.3118497204188,96.57511957727826
2025-02-02 06:00:00,15.0,80.0,0.0,995.601965923658,68.5418872444912
2025-02-02 06:15:00,16.30806258460286,78.03790612309571,3270.156461507153,1004.3715646897288,52.28492588014346
2025-02-02 06:30:00,17.61052384440103,76.08421423339846,6526.309611002579,994.2380930891552,80.92267562389345
2025-02-02 06:45:00,18.901806440322567,74.14729033951615,9754.516100806413,1009.5557537830945,96.66306126835647
2025-02-02 07:00:00,20.176380902050415,72.23542864692438,12940.95225512604,1011.424390652794,88.45044993904409
2025-02-02 07:15:00,21.428789306063234,70.35681604090516,16071.973265158082,990.8418551125712,99.3623556515177
2025-02-02 07:30:00,22.653668647301796,68.5194970290473,19134.171618254488,1003.3161201235919,96.75584637415909
2025-02-02 07:45:00,23.845773804380023,66.73133929342997,22114.43451095006,1009.9237839360891,72.77667394920284
2025-02-02 08:00:00,25.0,65.0,24999.999999999993,1014.3784920289279,61.69548736319676
2025-02-02 08:15:00,26.111404660392044,63.33289300941193,27778.51165098011,996.8564648298606,53.26192418475799
2025-02-02 08:30:00,27.175228580174412,61.737157129738385,30438.071450436026,994.2275265841346,63.60618610996788
2025-02-02 08:45:00,28.18691630200138,60.21962554699793,32967.29075500344,1011.9175232545409,81.60760712008468
2025-02-02 09:00:00,29.14213562373095,58.78679656440357,35355.33905932738,1012.7295615940212,95.54456629821021
2025-02-02 09:15:00,30.03679614957955,57.44480577563068,37591.99037394887,994.9383222366789,50.08539390211278
2025-02-02 09:30:00,30.867066805824706,56.19939979126294,39667.66701456176,1001.038243567566,90.87422347811099
2025-02-02 09:45:00,31.6293922460509,55.055911630923646,41573.48061512726,1007.9808035423084,88.22323966851543
2025-02-02 10:00:00,32.32050807568877,54.01923788646685,43301.27018922193,1011.1336289690994,84.54912726273167
2025-02-02 10:15:00,32.93745483065376,53.093817754019355,44843.637076634404,994.206882634181,56.39385816141102
2025-02-02 10:30:00,33.477590650225736,52.283614024661404,46193.97662556433,1006.624224072619,52.66277863305563
2025-02-02 10:45:00,33.93860258990212,51.59209611514683,47346.50647475529,1010.1958864824018,86.83771092781535
2025-02-02 11:00:00,34.31851652578137,51.02222521132795,48296.29131445342,1003.7428530200182,82.07046207674657
2025-02-02 11:15:00,34.615705608064616,50.57644158790308,49039.26402016153,994.1179164694753,68.49490369742398
2025-02-02 11:30:00,34.828897227476205,50.25665415878569,49572.24306869051,990.8882201207591,67.27540333815699
2025-02-02 11:45:00,34.95717846477207,50.064232302841894,49892.94616193017,997.0383454462124,51.63216822594007
2025-02-02 12:00:00,35.0,50.0,50000.0,1010.1967711613388,99.67171341209553
2025-02-02 12:15:00,34.95717846477207,50.06423230284189,49892.94616193018,991.1191565211285,91.83210760417015
2025-02-02 12:30:00,34.828897227476205,50.25665415878569,49572.24306869051,990.2054126259828,98.70953814689426
2025-02-02 12:45:00,34.615705608064616,50.57644158790308,49039.26402016153,999.0404161928014,90.90187371547023
2025-02-02 13:00:00,34.31851652578137,51.02222521132794,48296.291314453425,991.5905571424638,72.94264563724204
2025-02-02 13:15:00,33.93860258990212,51.59209611514683,47346.50647475529,993.7371575831057,92.2582398225393
2025-02-02 13:30:00,33.477590650225736,52.28361402466139,46193.97662556434,990.5797592024841,59.91787479086812
2025-02-02 13:45:00,32.93745483065376,53.093817754019355,44843.63707663441,1003.1179959192158,83.62373291046791
2025-02-02 14:00:00,32.32050807568878,54.01923788646684,43301.270189221934,1007.4173975547353,61.86096725795646
2025-02-02 14:15:00,31.6293922460509,55.055911630923646,41573.48061512726,1000.6763373253432,69.62387331781916
2025-02-02 14:30:00,30.867066805824706,56.19939979126294,39667.66701456176,993.3642614661172,93.58400494271172
2025-02-02 14:45:00,30.03679614957955,57.44480577563068,37591.99037394887,998.2839302740601,71.24755441310465
2025-02-02 15:00:00,29.142135623730955,58.78679656440357,35355.33905932739,1004.7586463576583,94.68580220008965
2025-02-02 15:15:00,28.18691630200138,60.21962554699793,32967.29075500345,1013.5165348349097,79.97796883439311
2025-02-02 15:30:00,27.175228580174416,61.73715712973838,30438.071450436037,1014.813942979316,64.68730706131205
2025-02-02 15:45:00,26.111404660392047,63.33289300941193,27778.51165098012,996.0400729163463,63.0178482403108
2025-02-02 16:00:00,25.0,78.0,9999.999999999998,990.2644976734587,50.16870292733425
2025-02-02 16:15:00,23.845773804380034,80.07760715211595,8845.773804380033,1010.7660081498451,78.60490209659709
2025-02-02 16:30:00,22.6536686473018,82.22339643485675,7653.668647301798,1013.1653234442514,91.92847839433303
2025-02-02 16:45:00,21.428789306063237,84.42817924908617,6428.789306063237,1001.4650869941993,61.23592361685241
2025-02-02 17:00:00,20.17638090205042,72.23542864692438,12940.95225512605,1009.2860586140921,73.96215455861385
2025-02-02 17:15:00,18.901806440322563,74.14729033951616,9754.516100806408,1011.6549758521098,99.1948035729625
2025-02-02 17:30:00,17.61052384440104,76.08421423339844,6526.3096110026,1005.240369958364,69.66936764593022
2025-02-02 17:45:00,16.30806258460286,78.03790612309571,3270.1564615071557,1011.8156795786047,96.9223416205971
2025-02-02 18:00:00,15.000000000000002,80.0,6.123233995736766e-12,990.5975756535582,91.32953574215865
2025-02-02 18:15:00,13.691937415397142,81.96209387690429,0.0,996.7898805064891,74.73062905373003
2025-02-02 18:30:00,12.389476155598965,83.91578576660156,0.0,996.9304895673574,81.76820816445084
2025-02-02 18:45:00,11.09819355967744,85.85270966048384,0.0,993.0158107076539,53.27915534556176
2025-02-02 19:00:00,10.0,87.76457135307562,0.0,1012.767836357206,75.82163030122516
2025-02-02 19:15:00,10.0,89.64318395909484,0.0,990.7609816666405,87.99667896286323
2025-02-02 19:30:00,10.0,90.0,0.0,1006.8140257380528,61.51832958639303
2025-02-02 19:45:00,10.0,90.0,0.0,991.7834921814302,52.57433507797543
2025-02-02 20:00:00,10.0,90.0,0.0,999.0195123446306,51.47005957441631
2025-02-02 20:15:00,10.0,90.0,0.0,1000.4524885669391,58.015787057420994
2025-02-02 20:30:00,10.0,90.0,0.0,994.5351072264342,61.8883499064098
2025-02-02 20:45:00,10.0,90.0,0.0,1003.0253525820544,90.27008437002732
2025-02-02 21:00:00,10.0,90.0,0.0,1003.3747940231979,72.95572699713914
2025-02-02 21:15:00,10.0,90.0,0.0,997.9260970484049,76.77791887282227
2025-02-02 21:30:00,10.0,90.0,0.0,1008.4272014888072,65.6550529043409
2025-02-02 21:45:00,10.0,90.0,0.0,994.0050602654792,64.94141640131107
2025-02-02 22:00:00,10.0,90.0,0.0,994.8127054739964,77.67427461600192
2025-02-02 22:15:00,10.0,90.0,0.0,998.8627754511401,87.28945066191608
2025-02-02 22:30:00,10.0,90.0,0.0,999.4594033357855,59.03450831089208
2025-02-02 22:45:00,10.0,90.0,0.0,995.1571464125163,71.73247249616992
2025-02-02 23:00:00,10.0,90.0,0.0,1012.9677301285567,82.20434761452658
2025-02-02 23:15:00,10.0,90.0,0.0,1010.7023392386737,98.00469402744991
2025-02-02 23:30:00,10.0,90.0,0.0,992.671918606416,63.47018434427523
2025-02-02 23:45:00,10.0,90.0,0.0,999.2371478915096,69.64320213379776
2025-02-03 00:00:00,10.0,90.0,0.0,995.8167773907993,78.4651147991274
2025-02-03 00:15:00,10.0,90.0,0.0,1001.2769650737636,57.09487775425491
2025-02-03 00:30:00,10.0,90.0,0.0,996.9079296552699,80.57914858578086
2025-02-03 00:45:00,10.0,90.0,0.0,1002.5451722779605,98.722862340978
2025-02-03 01:00:00,10.0,90.0,0.0,1013.0650788269489,63.67101292115875
2025-02-03 01:15:00,10.0,90.0,0.0,999.5627784732459,74.02907793018781
2025-02-03 01:30:00,10.0,90.0,0.0,1006.2532082157159,55.88191323983659
2025-02-03 01:45:00,10.0,90.0,0.0,1004.8905278255094,75.90301257910654
2025-02-03 02:00:00,10.0,90.0,0.0,1008.7988390285552,98.57884591767211
2025-02-03 02:15:00,10.0,90.0,0.0,991.5416332542467,77.11881298817511
2025-02-03 02:30:00,10.0,90.0,0.0,1008.6205918420452,60.67507261446713
2025-02-03 02:45:00,10.0,90.0,0.0,1013.6568981793107,65.53786200129989
2025-02-03 03:00:00,10.0,90.0,0.0,1005.0889887923871,81.32037198221607
2025-02-03 03:15:00,10.0,90.0,0.0,997.1894985529975,92.8511718906183
2025-02-03 03:30:00,10.0,90.0,0.0,1006.8092304607321,72.67188457799342
2025-02-03 03:45:00,10.0,90.0,0.0,1007.8012196695348,74.50600608954785
2025-02-03 04:00:00,10.0,90.0,0.0,1006.411257163465,90.46776602121206
2025-02-03 04:15:00,10.0,90.0,0.0,993.6732578923386,55.264685864631744
2025-02-03 04:30:00,10.0,90.0,0.0,1014.3368892067425,97.56228044133766
2025-02-03 04:45:00,10.0,89.64318395909484,0.0,1013.884586295522,73.23825307065829
2025-02-03 05:00:00,10.0,87.76457135307562,0.0,1000.615638319891,66.58249291298722
2025-02-03 05:15:00,11.098193559677433,85.85270966048385,0.0,1004.8409332352218,88.92724473684666
2025-02-03 05:30:00,12.389476155598969,83.91578576660154,0.0,990.9907143466723,62.82363119186229
2025-02-03 05:45:00,13.691937415397138,81.96209387690429,0.0,1014.7158583640485,57.3218314216419
2025-02-03 06:00:00,15.0,80.0,0.0,1010.4686248155824,62.906084146027354
2025-02-03 06:15:00,16.30806258460286,78.03790612309571,3270.156461507153,1005.9125585607417,83.62654348954243
2025-02-03 06:30:00,17.61052384440103,76.08421423339846,6526.309611002579,1009.0271186055421,55.03339901078285
2025-02-03 06:45:00,18.901806440322567,74.14729033951615,9754.516100806413,994.7007482145647,72.56545363679037
2025-02-03 07:00:00,20.176380902050415,72.23542864692438,12940.95225512604,997.6913647523213,61.77796607320709
2025-02-03 07:15:00,21.428789306063234,70.35681604090516,16071.973265158082,996.159841107143,77.28390828843695
2025-02-03 07:30:00,22.653668647301796,68.5194970290473,19134.171618254488,1004.9012280031287,56.91402208886134
2025-02-03 07:45:00,23.845773804380023,66.73133929342997,22114.43451095006,992.2976213040943,88.6983133467815
2025-02-03 08:00:00,25.0,65.0,24999.999999999993,1012.3902496303735,96.19562829026843
2025-02-03 08:15:00,26.111404660392044,63.33289300941193,27778.51165098011,1001.5568985532682,65.96796088741185
2025-02-03 08:30:00,27.175228580174412,61.737157129738385,30438.071450436026,1001.1203091238594,67.72392831117611
2025-02-03 08:45:00,28.18691630200138,60.21962554699793,32967.29075500344,992.6177825893311,79.90426199861598
2025-02-03 09:00:00,29.14213562373095,58.78679656440357,35355.33905932738,1007.1226009265029,86.94091693601625
2025-02-03 09:15:00,30.03679614957955,57.44480577563068,37591.99037394887,1010.4223498585612,52.91368416382731
2025-02-03 09:30:00,30.867066805824706,56.19939979126294,39667.66701456176,1005.7387542865583,83.73890976068597
2025-02-03 09:45:00,31.6293922460509,55.055911630923646,41573.48061512726,996.0505651866033,90.7124122296882
2025-02-03 10:00:00,32.32050807568877,54.01923788646685,43301.27018922193,1009.6355180396378,89.62606045644772
2025-02-03 10:15:00,32.93745483065376,53.093817754019355,44843.637076634404,993.6419858345859,71.93006909790145
2025-02-03 10:30:00,33.477590650225736,52.283614024661404,46193.97662556433,1010.6819082244899,91.13852176486449
2025-02-03 10:45:00,33.93860258990212,51.59209611514683,47346.50647475529,1004.5176342652971,77.35383419448192
2025-02-03 11:00:00,34.31851652578137,51.02222521132795,48296.29131445342,997.2343202894609,59.33625443744531
2025-02-03 11:15:00,34.615705608064616,50.57644158790308,49039.26402016153,1002.8310849960935,64.28684195024407
2025-02-03 11:30:00,34.828897227476205,50.25665415878569,49572.24306869051,1005.7212850766161,79.63679792054182
2025-02-03 11:45:00,34.95717846477207,50.064232302841894,49892.94616193017,996.4647374648162,77.62374017184428
2025-02-03 12:00:00,35.0,50.0,50000.0,1011.1726640114994,90.10841360477664
2025-02-03 12:15:00,34.95717846477207,50.06423230284189,49892.94616193018,1000.5313427149819,85.74467412793398
2025-02-03 12:30:00,34.828897227476205,50.25665415878569,49572.24306869051,1012.3084364313808,60.653007483118316
2025-02-03 12:45:00,34.615705608064616,50.57644158790308,49039.26402016153,1010.8867140286884,69.8693165349231
2025-02-03 13:00:00,34.31851652578137,51.02222521132794,48296.291314453425,992.4836878539908,88.90370904163811
2025-02-03 13:15:00,33.93860258990212,51.59209611514683,47346.50647475529,1006.1563527362198,72.90590637907678
2025-02-03 13:30:00,33.477590650225736,52.28361402466139,46193.97662556434,997.7623641623935,61.25151294814336
2025-02-03 13:45:00,32.93745483065376,53.093817754019355,44843.63707663441,1008.8513299245793,96.85473834851716
2025-02-03 14:00:00,32.32050807568878,54.01923788646684,43301.270189221934,1003.5657914361933,72.4537797235989
2025-02-03 14:15:00,31.6293922460509,55.055911630923646,41573.48061512726,1001.4399718662929,65.43634637605034
2025-02-03 14:30:00,30.867066805824706,56.19939979126294,39667.66701456176,1012.3841696134266,75.56291353164492
2025-02-03 14:45:00,30.03679614957955,57.44480577563068,37591.99037394887,991.4313389950042,65.04591793178946
2025-02-03 15:00:00,29.142135623730955,58.78679656440357,35355.33905932739,1003.9329406466995,63.51918798628287
2025-02-03 15:15:00,28.18691630200138,60.21962554699793,32967.29075500345,998.1977774824169,83.07658941992833
2025-02-03 15:30:00,27.175228580174416,61.73715712973838,30438.071450436037,990.8818334078366,89.7616654280573
2025-02-03 15:45:00,26.111404660392047,63.33289300941193,27778.51165098012,1008.8379629675729,70.44158683192526
2025-02-03 16:00:00,25.0,78.0,9999.999999999998,1004.043516401722,58.04700828788397
2025-02-03 16:15:00,23.845773804380034,80.07760715211595,8845.773804380033,1012.3536334239054,73.78976939451167
2025-02-03 16:30:00,22.6536686473018,82.22339643485675,7653.668647301798,1004.9565306892957,70.08003711164166
2025-02-03 16:45:00,21.428789306063237,84.42817924908617,6428.789306063237,998.4258569857567,71.78556495785412
2025-02-03 17:00:00,20.17638090205042,72.23542864692438,12940.95225512605,1014.6304913844887,61.99379980131592
2025-02-03 17:15:00,18.901806440322563,74.14729033951616,9754.516100806408,992.8928512652326,88.47986845632352
2025-02-03 17:30:00,17.61052384440104,76.08421423339844,6526.3096110026,991.3150435644698,60.11138052700478
2025-02-03 17:45:00,16.30806258460286,78.03790612309571,3270.1564615071557,1008.315547736302,51.932326247079665
2025-02-03 18:00:00,15.000000000000002,80.0,6.123233995736766e-12,999.2718724822371,85.0056815629199
2025-02-03 18:15:00,13.691937415397142,81.96209387690429,0.0,999.0366269657134,87.12505698876996
2025-02-03 18:30:00,12.389476155598965,83.91578576660156,0.0,1011.9133039122393,61.937967798147035
2025-02-03 18:45:00,11.09819355967744,85.85270966048384,0.0,998.1823411628847,58.67029601344076
2025-02-03 19:00:00,10.0,87.76457135307562,0.0,1012.2247149221027,79.0265639703114
2025-02-03 19:15:00,10.0,89.64318395909484,0.0,1006.0996994807906,95.98152171251903
2025-02-03 19:30:00,10.0,90.0,0.0,998.2262385971691,62.69916486059271
2025-02-03 19:45:00,10.0,90.0,0.0,991.4883163603117,77.00020980983575
2025-02-03 20:00:00,10.0,90.0,0.0,996.1277338160139,63.2189109885829
2025-02-03 20:15:00,10.0,90.0,0.0,1014.2103300304212,87.08238905980127
2025-02-03 20:30:00,10.0,90.0,0.0,1000.1316910058489,73.3548195301683
2025-02-03 20:45:00,10.0,90.0,0.0,994.0008365361332,68.94781745075598
2025-02-03 21:00:00,10.0,90.0,0.0,997.4503312300213,82.80702879040854
2025-02-03 21:15:00,10.0,90.0,0.0,1012.4893944715332,76.57097703620175
2025-02-03 21:30:00,10.0,90.0,0.0,994.1244178877125,60.05746754344775
2025-02-03 21:45:00,10.0,90.0,0.0,1009.446501664182,70.8106121247901
2025-02-03 22:00:00,10.0,90.0,0.0,993.3716157849224,97.8246753958113
2025-02-03 22:15:00,10.0,90.0,0.0,1014.0348428359481,90.05676070341823
2025-02-03 22:30:00,10.0,90.0,0.0,1003.255134652289,75.60543022663967
2025-02-03 22:45:00,10.0,90.0,0.0,991.079248389938,83.02316257668951
2025-02-03 23:00:00,10.0,90.0,0.0,1013.273866943505,57.118571221632614
2025-02-03 23:15:00,10.0,90.0,0.0,998.9556386114781,70.65966865068084
2025-02-03 23:30:00,10.0,90.0,0.0,1008.2855319725027,94.74081847410385
2025-02-03 23:45:00,10.0,90.0,0.0,1003.0927003699937,59.40601710333021
2025-02-04 00:00:00,10.0,90.0,0.0,992.314545078624,99.09606672495693
2025-02-04 00:15:00,10.0,90.0,0.0,992.651480450514,92.40555423963731
2025-02-04 00:30:00,10.0,90.0,0.0,993.7306237672772,84.30640491269972
2025-02-04 00:45:00,10.0,90.0,0.0,994.0300002304211,68.68120756502638
2025-02-04 01:00:00,10.0,90.0,0.0,991.3188948281125,54.60387757516055
2025-02-04 01:15:00,10.0,90.0,0.0,991.1753291258225,64.73419051095857
2025-02-04 01:30:00,10.0,90.0,0.0,1013.710707401468,87.0498237254975
2025-02-04 01:45:00,10.0,90.0,0.0,992.2822947497403,71.08106823178547
2025-02-04 02:00:00,10.0,90.0,0.0,1002.7087918972097,90.14430168108105
2025-02-04 02:15:00,10.0,90.0,0.0,992.9657455093394,60.789823819991256
2025-02-04 02:30:00,10.0,90.0,0.0,995.3696962802178,91.18730650454356
2025-02-04 02:45:00,10.0,90.0,0.0,1009.0768018195271,93.00557916705415
2025-02-04 03:00:00,10.0,90.0,0.0,1013.4533705257087,86.10985818123444
2025-02-04 03:15:00,10.0,90.0,0.0,1001.7428173680804,60.200706767418
2025-02-04 03:30:00,10.0,90.0,0.0,990.141048847975,61.14457204889824
2025-02-04 03:45:00,10.0,90.0,0.0,1014.9802075349331,53.21471985424498
2025-02-04 04:00:00,10.0,90.0,0.0,991.1943303171483,52.56506733462287
2025-02-04 04:15:00,10.0,90.0,0.0,999.7361976007634,86.95348160918621
2025-02-04 04:30:00,10.0,90.0,0.0,1003.4764175170409,74.57583203243865
2025-02-04 04:45:00,10.0,89.64318395909484,0.0,1012.2933359388555,88.07556092754879
2025-02-04 05:00:00,10.0,87.76457135307562,0.0,1010.5778027915136,64.13730859034828
2025-02-04 05:15:00,11.098193559677433,85.85270966048385,0.0,1005.2346660261156,67.2633436542312
2025-02-04 05:30:00,12.389476155598969,83.91578576660154,0.0,999.9650572743966,94.73517981289967
2025-02-04 05:45:00,13.691937415397138,81.96209387690429,0.0,1010.8619679790567,99.86917003072567
2025-02-04 06:00:00,15.0,80.0,0.0,1011.7264596576417,55.08779712393562
2025-02-04 06:15:00,16.30806258460286,78.03790612309571,3270.156461507153,1011.7976226836496,88.96260459965912
2025-02-04 06:30:00,17.61052384440103,76.08421423339846,6526.309611002579,1007.9409108853337,77.80742889204514
2025-02-04 06:45:00,18.901806440322567,74.14729033951615,9754.516100806413,992.4446835994479,50.22743943334802
2025-02-04 07:00:00,20.176380902050415,72.23542864692438,12940.95225512604,997.46448570336,80.82750726554154
2025-02-04 07:15:00,21.428789306063234,70.35681604090516,16071.973265158082,1002.1480513996868,63.9964093747189
2025-02-04 07:30:00,22.653668647301796,68.5194970290473,19134.171618254488,1002.6263341800335,67.52815332926508
2025-02-04 07:45:00,23.845773804380023,66.73133929342997,22114.43451095006,1010.8218353184378,98.46394436645454
2025-02-04 08:00:00,25.0,65.0,24999.999999999993,995.9459193425731,87.13389567185021
2025-02-04 08:15:00,26.111404660392044,63.33289300941193,27778.51165098011,1006.6147688887214,52.726087018194576
2025-02-04 08:30:00,27.175228580174412,61.737157129738385,30438.071450436026,999.3549974365399,84.04878985585464
2025-02-04 08:45:00,28.18691630200138,60.21962554699793,32967.29075500344,1009.3870638306589,50.64978291005602
2025-02-04 09:00:00,29.14213562373095,58.78679656440357,35355.33905932738,994.8943582330613,94.30969281786781
2025-02-04 09:15:00,30.03679614957955,57.44480577563068,37591.99037394887,1001.9156823348256,79.8341258281363
2025-02-04 09:30:00,30.867066805824706,56.19939979126294,39667.66701456176,992.5889645090851,81.54106550659716
2025-02-04 09:45:00,31.6293922460509,55.055911630923646,41573.48061512726,995.2997543533245,50.82243766156873
2025-02-04 10:00:00,32.32050807568877,54.01923788646685,43301.27018922193,1013.3793671586068,54.18929350359916
2025-02-04 10:15:00,32.93745483065376,53.093817754019355,44843.637076634404,997.9011777626957,76.30764543780865
2025-02-04 10:30:00,33.477590650225736,52.283614024661404,46193.97662556433,1012.32442510225,69.08673041329558
2025-02-04 10:45:00,33.93860258990212,51.59209611514683,47346.50647475529,1003.1075771871406,90.91477380290473
2025-02-04 11:00:00,34.31851652578137,51.02222521132795,48296.29131445342,990.9758287868806,64.19860352594402
2025-02-04 11:15:00,34.615705608064616,50.57644158790308,49039.26402016153,1009.8245420583464,69.98328416579912
2025-02-04 11:30:00,34.828897227476205,50.25665415878569,49572.24306869051,991.2989223783122,55.99993695545266
2025-02-04 11:45:00,34.95717846477207,50.064232302841894,49892.94616193017,1010.6735882090998,75.14354649634242
2025-02-04 12:00:00,35.0,50.0,50000.0,990.219977767507,97.75107859092614
2025-02-04 12:15:00,34.95717846477207,50.06423230284189,49892.94616193018,1006.8527831836668,63.29484366643972
2025-02-04 12:30:00,34.828897227476205,50.25665415878569,49572.24306869051,994.142848118653,89.54158156192867
2025-02-04 12:45:00,34.615705608064616,50.57644158790308,49039.26402016153,998.571880953152,58.19780570516393
2025-02-04 13:00:00,34.31851652578137,51.02222521132794,48296.291314453425,1013.8187848698838,94.29514698619371
2025-02-04 13:15:00,33.93860258990212,51.59209611514683,47346.50647475529,1002.1558368282713,75.63165926177507
2025-02-04 13:30:00,33.477590650225736,52.28361402466139,46193.97662556434,1006.4356596290464,56.29040824756017
2025-02-04 13:45:00,32.93745483065376,53.093817754019355,44843.63707663441,1008.5183774065371,89.13483180590848
2025-02-04 14:00:00,32.32050807568878,54.01923788646684,43301.270189221934,992.7481994134303,94.37933557090014
2025-02-04 14:15:00,31.6293922460509,55.055911630923646,41573.48061512726,1010.9698939527744,57.253058429634685
2025-02-04 14:30:00,30.867066805824706,56.19939979126294,39667.66701456176,1012.8479984680638,55.87079601559526
2025-02-04 14:45:00,30.03679614957955,57.44480577563068,37591.99037394887,993.8855163087352,62.569423256254545
2025-02-04 15:00:00,29.142135623730955,58.78679656440357,35355.33905932739,1003.6559607223693,75.74742217326919
2025-02-04 15:15:00,28.18691630200138,60.21962554699793,32967.29075500345,997.0876280796815,97.50551736956338
2025-02-04 15:30:00,27.175228580174416,61.73715712973838,30438.071450436037,1008.5161682714947,93.02995896507171
2025-02-04 15:45:00,26.111404660392047,63.33289300941193,27778.51165098012,990.7067598214375,66.23129877014779
2025-02-04 16:00:00,25.0,78.0,9999.999999999998,1002.8136750860347,51.862999104131916
2025-02-04 16:15:00,23.845773804380034,80.07760715211595,8845.773804380033,1009.8203713839159,79.78539311155875
2025-02-04 16:30:00,22.6536686473018,82.22339643485675,7653.668647301798,1008.3684226948131,78.73810368928353
2025-02-04 16:45:00,21.428789306063237,84.42817924908617,6428.789306063237,992.704595785841,62.07688710682512
2025-02-04 17:00:00,20.17638090205042,72.23542864692438,12940.95225512605,1010.8235027183443,80.17803302529389
2025-02-04 17:15:00,18.901806440322563,74.14729033951616,9754.516100806408,995.9460182529268,99.07971519018402
2025-02-04 17:30:00,17.61052384440104,76.08421423339844,6526.3096110026,1010.1946907804207,57.219347582004254
2025-02-04 17:45:00,16.30806258460286,78.03790612309571,3270.1564615071557,1002.4282207965612,65.74011867155755
2025-02-04 18:00:00,15.000000000000002,80.0,6.123233995736766e-12,994.0206441284323,92.3966775454915
2025-02-04 18:15:00,13.691937415397142,81.96209387690429,0.0,1008.3510169391752,57.95874443083896
2025-02-04 18:30:00,12.389476155598965,83.91578576660156,0.0,1010.1978238034799,56.43843979672121
2025-02-04 18:45:00,11.09819355967744,85.85270966048384,0.0,1007.4725287496487,58.601092887988614
2025-02-04 19:00:00,10.0,87.76457135307562,0.0,1014.1211584756741,88.48487752353287
2025-02-04 19:15:00,10.0,89.64318395909484,0.0,996.4036112801488,56.37150157457115
2025-02-04 19:30:00,10.0,90.0,0.0,995.8940581749496,54.55622921987324
2025-02-04 19:45:00,10.0,90.0,0.0,993.68075229529,81.34785638964686
2025-02-04 20:00:00,10.0,90.0,0.0,1003.4851552487664,88.34150886769632
2025-02-04 20:15:00,10.0,90.0,0.0,999.9862205596429,87.8173217327606
2025-02-04 20:30:00,10.0,90.0,0.0,998.9165512178644,71.65514502900857
2025-02-04 20:45:00,10.0,90.0,0.0,1001.5076150232966,95.83001492588224
2025-02-04 21:00:00,10.0,90.0,0.0,996.8635556982268,57.54376444361076
2025-02-04 21:15:00,10.0,90.0,0.0,990.1065094416265,72.07607763557367
2025-02-04 21:30:00,10.0,90.0,0.0,1001.7937672212853,68.46435776239758
2025-02-04 21:45:00,10.0,90.0,0.0,996.8971129127036,77.30930127403285
2025-02-04 22:00:00,10.0,90.0,0.0,1001.2445902232472,59.663113092640394
2025-02-04 22:15:00,10.0,90.0,0.0,1013.2218778502898,57.35614457976884
2025-02-04 22:30:00,10.0,90.0,0.0,994.475135170868,99.16791674759197
2025-02-04 22:45:00,10.0,90.0,0.0,1005.9370894501702,65.10630887084974
2025-02-04 23:00:00,10.0,90.0,0.0,1006.110372406561,74.9850945299266
2025-02-04 23:15:00,10.0,90.0,0.0,997.0323295889158,95.81341759495513
2025-02-04 23:30:00,10.0,90.0,0.0,1001.7721999182268,65.13259318671265
2025-02-04 23:45:00,10.0,90.0,0.0,1014.2402910407831,68.32980101468421
2025-02-05 00:00:00,10.0,90.0,0.0,998.5615031350285,78.1577563079939
2025-02-05 00:15:00,10.0,90.0,0.0,1007.8086295613045,53.403118755573914
2025-02-05 00:30:00,10.0,90.0,0.0,1011.0054788920328,51.168856676494094
2025-02-05 00:45:00,10.0,90.0,0.0,999.0172776929242,81.63792924027697
2025-02-05 01:00:00,10.0,90.0,0.0,1014.7478533513307,68.54406552172698
2025-02-05 01:15:00,10.0,90.0,0.0,1005.6467310119408,53.9750613138201
2025-02-05 01:30:00,10.0,90.0,0.0,1002.5246317648481,64.33188692648865
2025-02-05 01:45:00,10.0,90.0,0.0,1007.8726879376562,84.67282134512178
2025-02-05 02:00:00,10.0,90.0,0.0,1000.595748346664,87.98033212371813
2025-02-05 02:15:00,10.0,90.0,0.0,1007.8081680710899,75.26980705455009
2025-02-05 02:30:00,10.0,90.0,0.0,996.8700595833651,61.03820762490865
2025-02-05 02:45:00,10.0,90.0,0.0,1013.1802078586422,91.97480204397118
2025-02-05 03:00:00,10.0,90.0,0.0,1003.549070948344,60.38465081250871
2025-02-05 03:15:00,10.0,90.0,0.0,996.0412373396814,87.84577749277655
2025-02-05 03:30:00,10.0,90.0,0.0,1000.9299167107876,57.6611988677586
2025-02-05 03:45:00,10.0,90.0,0.0,1012.3774135155223,96.74265668747204
2025-02-05 04:00:00,10.0,90.0,0.0,1010.1763829768029,88.66853910110308
2025-02-05 04:15:00,10.0,90.0,0.0,1002.1117238009666,75.06198805172633
2025-02-05 04:30:00,10.0,90.0,0.0,998.7925419185083,71.70856476698503
2025-02-05 04:45:00,10.0,89.64318395909484,0.0,999.4061853525573,78.64878741144628
2025-02-05 05:00:00,10.0,87.76457135307562,0.0,1014.5298839398936,83.05571634778849
2025-02-05 05:15:00,11.098193559677433,85.85270966048385,0.0,992.8053196282925,77.8941331148027
2025-02-05 05:30:00,12.389476155598969,83.91578576660154,0.0,1012.2255973892302,84.79085879255385
2025-02-05 05:45:00,13.691937415397138,81.96209387690429,0.0,1011.4402218356674,54.38405235720765
2025-02-05 06:00:00,15.0,80.0,0.0,995.6097101484323,70.8584823527469
2025-02-05 06:15:00,16.30806258460286,78.03790612309571,3270.156461507153,998.7339683541995,87.67410979992681
2025-02-05 06:30:00,17.61052384440103,76.08421423339846,6526.309611002579,1004.2389971681358,71.91759940050866
2025-02-05 06:45:00,18.901806440322567,74.14729033951615,9754.516100806413,1010.0598175935062,98.53321393301292
2025-02-05 07:00:00,20.176380902050415,72.23542864692438,12940.95225512604,1013.7611351334534,76.69924072351137
2025-02-05 07:15:00,21.428789306063234,70.35681604090516,16071.973265158082,1014.7952175895775,65.54764655603162
2025-02-05 07:30:00,22.653668647301796,68.5194970290473,19134.171618254488,997.0307926720557,94.60421284929947
2025-02-05 07:45:00,23.845773804380023,66.73133929342997,22114.43451095006,994.8090893585213,71.11097661088205
2025-02-05 08:00:00,25.0,65.0,24999.999999999993,1002.1931288166872,77.30928602613568
2025-02-05 08:15:00,26.111404660392044,63.33289300941193,27778.51165098011,1003.9390975233517,82.06870877573132
2025-02-05 08:30:00,27.175228580174412,61.737157129738385,30438.071450436026,1006.4176170098319,92.80040816529785
2025-02-05 08:45:00,28.18691630200138,60.21962554699793,32967.29075500344,992.6897783078584,60.47193429204758
2025-02-05 09:00:00,29.14213562373095,58.78679656440357,35355.33905932738,1006.1589004838788,93.69002697492087
2025-02-05 09:15:00,30.03679614957955,57.44480577563068,37591.99037394887,1013.0344770169585,78.68658438289143
2025-02-05 09:30:00,30.867066805824706,56.19939979126294,39667.66701456176,1012.8800266957385,68.32222145176554
2025-02-05 09:45:00,31.6293922460509,55.055911630923646,41573.48061512726,1013.5943499825019,66.762256852304
2025-02-05 10:00:00,32.32050807568877,54.01923788646685,43301.27018922193,1013.058489938297,99.08903985898381
2025-02-05 10:15:00,32.93745483065376,53.093817754019355,44843.637076634404,1014.0194456870661,97.35399220245803
2025-02-05 10:30:00,33.477590650225736,52.283614024661404,46193.97662556433,991.2173134279087,77.28016725867418
2025-02-05 10:45:00,33.93860258990212,51.59209611514683,47346.50647475529,1012.9004547675567,67.3184368902231
2025-02-05 11:00:00,34.31851652578137,51.02222521132795,48296.29131445342,996.7803201973026,98.69392482602305
2025-02-05 11:15:00,34.615705608064616,50.57644158790308,49039.26402016153,998.0166433866539,50.8170483015214
2025-02-05 11:30:00,34.828897227476205,50.25665415878569,49572.24306869051,1001.4653560236991,52.446262672540485
2025-02-05 11:45:00,34.95717846477207,50.064232302841894,49892.94616193017,1013.8820098751909,74.3303451778407
2025-02-05 12:00:00,35.0,50.0,50000.0,1005.1272225663932,79.34955545499432
2025-02-05 12:15:00,34.95717846477207,50.06423230284189,49892.94616193018,998.8173304163009,50.32739118154942
2025-02-05 12:30:00,34.828897227476205,50.25665415878569,49572.24306869051,999.3539411888191,59.37474416995064
2025-02-05 12:45:00,34.615705608064616,50.57644158790308,49039.26402016153,1012.6232122205791,54.310231133223525
2025-02-05 13:00:00,34.31851652578137,51.02222521132794,48296.291314453425,1010.5586892058992,62.490116576020895
2025-02-05 13:15:00,33.93860258990212,51.59209611514683,47346.50647475529,993.4384430058994,59.14384162293916
2025-02-05 13:30:00,33.477590650225736,52.28361402466139,46193.97662556434,996.2170466539292,56.214185116629096
2025-02-05 13:45:00,32.93745483065376,53.093817754019355,44843.63707663441,999.298630026731,56.47295125899295
2025-02-05 14:00:00,32.32050807568878,54.01923788646684,43301.270189221934,995.4185497572544,68.56960722352221
2025-02-05 14:15:00,31.6293922460509,55.055911630923646,41573.48061512726,1004.0870438178405,56.43687106831825
2025-02-05 14:30:00,30.867066805824706,56.19939979126294,39667.66701456176,995.5909689986495,88.67109377811093
2025-02-05 14:45:00,30.03679614957955,57.44480577563068,37591.99037394887,1004.3731124111749,70.13913968225262
2025-02-05 15:00:00,29.142135623730955,58.78679656440357,35355.33905932739,1013.4006155351547,55.84125619926957
2025-02-05 15:15:00,28.18691630200138,60.21962554699793,32967.29075500345,1011.2168993883397,82.56749176921079
2025-02-05 15:30:00,27.175228580174416,61.73715712973838,30438.071450436037,992.4815865770641,89.40920239801056
2025-02-05 15:45:00,26.111404660392047,63.33289300941193,27778.51165098012,995.1726199592607,67.98269181647652
2025-02-05 16:00:00,25.0,78.0,9999.999999999998,1000.3187310566,50.30673045970554
2025-02-05 16:15:00,23.845773804380034,80.07760715211595,8845.773804380033,1006.1531894164812,82.50840033104386
2025-02-05 16:30:00,22.6536686473018,82.22339643485675,7653.668647301798,999.6641590708721,87.69949600141197
2025-02-05 16:45:00,21.428789306063237,84.42817924908617,6428.789306063237,996.2903092085053,94.46455994860389
2025-02-05 17:00:00,20.17638090205042,72.23542864692438,12940.95225512605,998.6164759282185,85.65757163822673
2025-02-05 17:15:00,18.901806440322563,74.14729033951616,9754.516100806408,995.1003396632448,79.84224184243888
2025-02-05 17:30:00,17.61052384440104,76.08421423339844,6526.3096110026,1011.546667988067,67.15421475819
2025-02-05 17:45:00,16.30806258460286,78.03790612309571,3270.1564615071557,1007.4312928085832,62.191696681986976
2025-02-05 18:00:00,15.000000000000002,80.0,6.123233995736766e-12,1000.2757275601485,53.243729685685295
2025-02-05 18:15:00,13.691937415397142,81.96209387690429,0.0,1007.5107857052493,90.96518146697754
2025-02-05 18:30:00,12.389476155598965,83.91578576660156,0.0,1002.9932329369682,78.01519405981908
2025-02-05 18:45:00,11.09819355967744,85.85270966048384,0.0,1003.1565552789642,64.39481136830051
2025-02-05 19:00:00,10.0,87.76457135307562,0.0,999.1838902115989,56.2324908421471
2025-02-05 19:15:00,10.0,89.64318395909484,0.0,1002.2054589643077,64.41807487286377
2025-02-05 19:30:00,10.0,90.0,0.0,1014.6379060423842,87.88917486029229
2025-02-05 19:45:00,10.0,90.0,0.0,1009.6116216828187,60.789531179514384
2025-02-05 20:00:00,10.0,90.0,0.0,1010.6925073162936,52.605134310153375
2025-02-05 20:15:00,10.0,90.0,0.0,993.1092962856045,69.00238726080892
2025-02-05 20:30:00,10.0,90.0,0.0,1002.6068495771163,66.79049370667298
2025-02-05 20:45:00,10.0,90.0,0.0,999.1725235100515,84.85198076986762
2025-02-05 21:00:00,10.0,90.0,0.0,992.2226742681886,77.8000400518317
2025-02-05 21:15:00,10.0,90.0,0.0,999.8819256559087,73.63553138497255
2025-02-05 21:30:00,10.0,90.0,0.0,991.8546918683064,98.8037223906471
2025-02-05 21:45:00,10.0,90.0,0.0,995.8504928616312,92.206088788729
2025-02-05 22:00:00,10.0,90.0,0.0,1009.9690677812903,56.4076039396037
2025-02-05 22:15:00,10.0,90.0,0.0,1007.1554369060991,62.41973295115849
2025-02-05 22:30:00,10.0,90.0,0.0,1007.4636659586648,70.96819812128999
2025-02-05 22:45:00,10.0,90.0,0.0,991.9839469232703,53.57617004377262
2025-02-05 23:00:00,10.0,90.0,0.0,994.0995569396806,87.90709815624396
2025-02-05 23:15:00,10.0,90.0,0.0,990.5396036017717,88.40869134792315
2025-02-05 23:30:00,10.0,90.0,0.0,992.4378631727508,64.62123367789434
2025-02-05 23:45:00,10.0,90.0,0.0,992.5304700607029,95.26777093238772
2025-02-06 00:00:00,10.0,90.0,0.0,1014.0036172905275,77.62420361879883
2025-02-06 00:15:00,10.0,90.0,0.0,1012.3487815867834,61.18068191944987
2025-02-06 00:30:00,10.0,90.0,0.0,995.1063494638357,81.07470112055157
2025-02-06 00:45:00,10.0,90.0,0.0,996.3453238676905,83.6284704341532
2025-02-06 01:00:00,10.0,90.0,0.0,1014.0219462283949,85.8774333933046
2025-02-06 01:15:00,10.0,90.0,0.0,1004.2499411781381,98.56718076706727
2025-02-06 01:30:00,10.0,90.0,0.0,999.2130823172429,95.68218304612711
2025-02-06 01:45:00,10.0,90.0,0.0,1001.6636072868777,70.66381906892363
2025-02-06 02:00:00,10.0,90.0,0.0,996.8052487169465,71.5912825208793
2025-02-06 02:15:00,10.0,90.0,0.0,1004.5894319997349,51.17263152332483
2025-02-06 02:30:00,10.0,90.0,0.0,1008.1317955597445,70.87494984986085
2025-02-06 02:45:00,10.0,90.0,0.0,1002.886206393455,58.85743287418602
2025-02-06 03:00:00,10.0,90.0,0.0,1010.5166583634633,56.00841400518617
2025-02-06 03:15:00,10.0,90.0,0.0,992.8302633765244,90.79228861906526
2025-02-06 03:30:00,10.0,90.0,0.0,1005.0913243464478,51.09065798514173
2025-02-06 03:45:00,10.0,90.0,0.0,1014.7400574326366,56.45288244576728
2025-02-06 04:00:00,10.0,90.0,0.0,993.7269762466889,83.21823039740849
2025-02-06 04:15:00,10.0,90.0,0.0,1002.3759016598945,78.35925112504489
2025-02-06 04:30:00,10.0,90.0,0.0,1005.7536321110435,71.4514484433846
2025-02-06 04:45:00,10.0,89.64318395909484,0.0,998.438235505295,90.37910189671507
2025-02-06 05:00:00,10.0,87.76457135307562,0.0,1014.115432981312,61.90631373602034
2025-02-06 05:15:00,11.098193559677433,85.85270966048385,0.0,1002.135260192303,60.33097467637772
2025-02-06 05:30:00,12.389476155598969,83.91578576660154,0.0,1001.9674671579432,75.68414101928745
2025-02-06 05:45:00,13.691937415397138,81.96209387690429,0.0,1012.5665926106593,55.33266314990692
2025-02-06 06:00:00,15.0,80.0,0.0,990.397760281111,84.45391439175194
2025-02-06 06:15:00,16.30806258460286,78.03790612309571,3270.156461507153,1011.7221289744165,96.75060478911703
2025-02-06 06:30:00,17.61052384440103,76.08421423339846,6526.309611002579,993.2268350196938,90.57120415633923
2025-02-06 06:45:00,18.901806440322567,74.14729033951615,9754.516100806413,999.4792104556599,94.06043035800627
2025-02-06 07:00:00,20.176380902050415,72.23542864692438,12940.95225512604,1002.2114042607745,53.64754610227171
2025-02-06 07:15:00,21.428789306063234,70.35681604090516,16071.973265158082,1001.9139674228915,71.20171696639568
2025-02-06 07:30:00,22.653668647301796,68.5194970290473,19134.171618254488,990.985213954203,95.14700658054099
2025-02-06 07:45:00,23.845773804380023,66.73133929342997,22114.43451095006,997.9276781848572,92.06818667011763
2025-02-06 08:00:00,25.0,65.0,24999.999999999993,998.9198672591837,79.68960055725158
2025-02-06 08:15:00,26.111404660392044,63.33289300941193,27778.51165098011,1013.9044831715986,82.72091258621933
2025-02-06 08:30:00,27.175228580174412,61.737157129738385,30438.071450436026,1012.9246343744647,63.300576302009105
2025-02-06 08:45:00,28.18691630200138,60.21962554699793,32967.29075500344,1004.608715854915,63.26161941831943
2025-02-06 09:00:00,29.14213562373095,58.78679656440357,35355.33905932738,1013.3341926234328,53.33558304459986
2025-02-06 09:15:00,30.03679614957955,57.44480577563068,37591.99037394887,1011.5928100836117,95.09652139230604
2025-02-06 09:30:00,30.867066805824706,56.19939979126294,39667.66701456176,999.3930675279131,64.44943302346394
2025-02-06 09:45:00,31.6293922460509,55.055911630923646,41573.48061512726,992.9241712763918,99.6250787287696
2025-02-06 10:00:00,32.32050807568877,54.01923788646685,43301.27018922193,1005.1784386725042,50.341380837321
2025-02-06 10:15:00,32.93745483065376,53.093817754019355,44843.637076634404,998.0752359799557,89.95616857398726
2025-02-06 10:30:00,33.477590650225736,52.283614024661404,46193.97662556433,990.2435625727908,76.29005851105373
2025-02-06 10:45:00,33.93860258990212,51.59209611514683,47346.50647475529,1014.5294838031134,52.10106373497463
2025-02-06 11:00:00,34.31851652578137,51.02222521132795,48296.29131445342,1014.231902386225,83.15949637207181
2025-02-06 11:15:00,34.615705608064616,50.57644158790308,49039.26402016153,1003.4201611444769,85.12289002617808
2025-02-06 11:30:00,34.828897227476205,50.25665415878569,49572.24306869051,1005.4546425554864,84.98081046365931
2025-02-06 11:45:00,34.95717846477207,50.064232302841894,49892.94616193017,1006.7216700440259,84.79654205866105
2025-02-06 12:00:00,35.0,50.0,50000.0,1013.1634677261013,83.90828800491607
2025-02-06 12:15:00,34.95717846477207,50.06423230284189,49892.94616193018,1001.6877169507319,88.3789737875329
2025-02-06 12:30:00,34.828897227476205,50.25665415878569,49572.24306869051,1004.5719544113656,69.00527024412673
2025-02-06 12:45:00,34.615705608064616,50.57644158790308,49039.26402016153,995.6634914125942,97.88559238088844
2025-02-06 13:00:00,34.31851652578137,51.02222521132794,48296.291314453425,996.0599560626258,74.13971324353363
2025-02-06 13:15:00,33.93860258990212,51.59209611514683,47346.50647475529,1003.0528048680648,63.3909952608613
2025-02-06 13:30:00,33.477590650225736,52.28361402466139,46193.97662556434,995.7301237852558,99.64241176668006
2025-02-06 13:45:00,32.93745483065376,53.093817754019355,44843.63707663441,990.7563196357515,63.97604240346041
2025-02-06 14:00:00,32.32050807568878,54.01923788646684,43301.270189221934,999.2101989870337,72.03736946420521
2025-02-06 14:15:00,31.6293922460509,55.055911630923646,41573.48061512726,1008.7486286034139,84.88690198130465
2025-02-06 14:30:00,30.867066805824706,56.19939979126294,39667.66701456176,996.9267545698879,89.90696447862429
2025-02-06 14:45:00,30.03679614957955,57.44480577563068,37591.99037394887,1011.567598462202,65.83246882734866
2025-02-06 15:00:00,29.142135623730955,58.78679656440357,35355.33905932739,1007.56255961833,51.76337528455099
2025-02-06 15:15:00,28.18691630200138,60.21962554699793,32967.29075500345,1006.3329777287013,78.90258743701197
2025-02-06 15:30:00,27.175228580174416,61.73715712973838,30438.071450436037,1012.3120785225784,79.59933210407488
2025-02-06 15:45:00,26.111404660392047,63.33289300941193,27778.51165098012,991.8452757687485,86.47823914668885
2025-02-06 16:00:00,25.0,78.0,9999.999999999998,994.4691349876246,63.04922193249102
2025-02-06 16:15:00,23.845773804380034,80.07760715211595,8845.773804380033,1012.7317555614848,91.03620283269208
2025-02-06 16:30:00,22.6536686473018,82.22339643485675,7653.668647301798,1012.6759344204947,88.69668269945393
2025-02-06 16:45:00,21.428789306063237,84.42817924908617,6428.789306063237,991.9566813974623,93.08256934522893
2025-02-06 17:00:00,20.17638090205042,72.23542864692438,12940.95225512605,1009.3557888138805,87.80054037084446
2025-02-06 17:15:00,18.901806440322563,74.14729033951616,9754.516100806408,990.3858103859222,83.65583116972257
2025-02-06 17:30:00,17.61052384440104,76.08421423339844,6526.3096110026,993.3808888342137,77.70595787023119
2025-02-06 17:45:00,16.30806258460286,78.03790612309571,3270.1564615071557,992.7440143423428,92.87256091935735
2025-02-06 18:00:00,15.000000000000002,80.0,6.123233995736766e-12,997.3498894454596,61.298099872517305
2025-02-06 18:15:00,13.691937415397142,81.96209387690429,0.0,999.7067105160902,83.25048646504122
2025-02-06 18:30:00,12.389476155598965,83.91578576660156,0.0,1012.7718466067715,89.60542261253823
2025-02-06 18:45:00,11.09819355967744,85.85270966048384,0.0,1000.9099453193239,88.7366961957884
2025-02-06 19:00:00,10.0,87.76457135307562,0.0,993.0962269348397,56.48084880450511
2025-02-06 19:15:00,10.0,89.64318395909484,0.0,996.8087186787683,65.69302701116844
2025-02-06 19:30:00,10.0,90.0,0.0,990.1594207025321,96.6377320716869
2025-02-06 19:45:00,10.0,90.0,0.0,990.7012350724048,88.72857045665265
2025-02-06 20:00:00,10.0,90.0,0.0,1000.7767080364107,57.734252058073224
2025-02-06 20:15:00,10.0,90.0,0.0,1002.8047067047944,74.16396519748349
2025-02-06 20:30:00,10.0,90.0,0.0,996.2490395819775,90.54090642181129
2025-02-06 20:45:00,10.0,90.0,0.0,999.4973104173115,92.97615906594359
2025-02-06 21:00:00,10.0,90.0,0.0,992.5842243172884,75.9993083373117
2025-02-06 21:15:00,10.0,90.0,0.0,1006.4705390443615,55.0723292866289
2025-02-06 21:30:00,10.0,90.0,0.0,999.8151392616915,60.96753485004079
2025-02-06 21:45:00,10.0,90.0,0.0,994.0381399868664,51.22220362782505
2025-02-06 22:00:00,10.0,90.0,0.0,1002.4348407821554,58.28663495932873
2025-02-06 22:15:00,10.0,90.0,0.0,995.2093709938235,53.05624244845911
2025-02-06 22:30:00,10.0,90.0,0.0,997.3032319491572,85.00028536054673
2025-02-06 22:45:00,10.0,90.0,0.0,993.1042608215355,85.0483053431528
2025-02-06 23:00:00,10.0,90.0,0.0,1009.5182622791192,72.16577676616416
2025-02-06 23:15:00,10.0,90.0,0.0,996.9828807068918,94.04827996722472
2025-02-06 23:30:00,10.0,90.0,0.0,1013.8919163976345,57.31438585431713
2025-02-06 23:45:00,10.0,90.0,0.0,1000.1357977724214,59.70027128178118
2025-02-07 00:00:00,10.0,90.0,0.0,993.8798622920528,80.57032323913627
2025-02-07 00:15:00,10.0,90.0,0.0,1007.6303242248357,76.40374313242557
2025-02-07 00:30:00,10.0,90.0,0.0,1008.3389537064666,56.10930798906422
2025-02-07 00:45:00,10.0,90.0,0.0,1012.0329911505845,95.34249829666125
2025-02-07 01:00:00,10.0,90.0,0.0,993.287811898246,81.09206234012402
2025-02-07 01:15:00,10.0,90.0,0.0,1009.7471489769414,80.39760345549551
2025-02-07 01:30:00,10.0,90.0,0.0,1011.4939771865413,68.6555843609017
2025-02-07 01:45:00,10.0,90.0,0.0,997.6129573798971,80.31035554937947
2025-02-07 02:00:00,10.0,90.0,0.0,1001.3620545402804,53.57541447348686
2025-02-07 02:15:00,10.0,90.0,0.0,1005.4910489760478,65.06036527581796
2025-02-07 02:30:00,10.0,90.0,0.0,996.137828582946,81.66887788238058
2025-02-07 02:45:00,10.0,90.0,0.0,1011.7838979907898,79.93564989261189
2025-02-07 03:00:00,10.0,90.0,0.0,1007.4798563727771,76.30117696472169
2025-02-07 03:15:00,10.0,90.0,0.0,1011.4170761467333,52.65476873669762
2025-02-07 03:30:00,10.0,90.0,0.0,1001.2478762479641,66.08142197737536
2025-02-07 03:45:00,10.0,90.0,0.0,1002.9749590733189,99.22580145903547
2025-02-07 04:00:00,10.0,90.0,0.0,994.8563611257529,97.15953860453172
2025-02-07 04:15:00,10.0,90.0,0.0,997.8506095398966,91.01150732765025
2025-02-07 04:30:00,10.0,90.0,0.0,1008.2378039879981,53.18808964887325
2025-02-07 04:45:00,10.0,89.64318395909484,0.0,1013.975194454193,53.67415113206876
2025-02-07 05:00:00,10.0,87.76457135307562,0.0,993.8025717105232,60.63336775239911
2025-02-07 05:15:00,11.098193559677433,85.85270966048385,0.0,991.26608819333,91.3878445127455
2025-02-07 05:30:00,12.389476155598969,83.91578576660154,0.0,991.6863168529907,60.19621357136269
2025-02-07 05:45:00,13.691937415397138,81.96209387690429,0.0,1000.8867942205492,61.26518730622466
2025-02-07 06:00:00,15.0,80.0,0.0,1009.8167819329228,63.01990866851527
2025-02-07 06:15:00,16.30806258460286,78.03790612309571,3270.156461507153,995.6219317509838,86.66079169362848
2025-02-07 06:30:00,17.61052384440103,76.08421423339846,6526.309611002579,1001.9283017848796,76.37900965969925
2025-02-07 06:45:00,18.901806440322567,74.14729033951615,9754.516100806413,1002.8850545915868,93.0263768415752
2025-02-07 07:00:00,20.176380902050415,72.23542864692438,12940.95225512604,1010.9425599519292,53.802088877103394
2025-02-07 07:15:00,21.428789306063234,70.35681604090516,16071.973265158082,994.1008301745845,52.57770559017925
2025-02-07 07:30:00,22.653668647301796,68.5194970290473,19134.171618254488,990.367965152019,92.3131402090355
2025-02-07 07:45:00,23.845773804380023,66.73133929342997,22114.43451095006,1002.6663758081411,55.44832501062262
2025-02-07 08:00:00,25.0,65.0,24999.999999999993,998.881147919515,85.74694521921208
2025-02-07 08:15:00,26.111404660392044,63.33289300941193,27778.51165098011,997.3041343964196,80.22843409706032
2025-02-07 08:30:00,27.175228580174412,61.737157129738385,30438.071450436026,1009.3059274364145,60.36246139639065
2025-02-07 08:45:00,28.18691630200138,60.21962554699793,32967.29075500344,1007.0866767845131,63.0106516915911
2025-02-07 09:00:00,29.14213562373095,58.78679656440357,35355.33905932738,992.0984286920016,86.98732609723487
2025-02-07 09:15:00,30.03679614957955,57.44480577563068,37591.99037394887,1003.7025840681591,51.084666624269154
2025-02-07 09:30:00,30.867066805824706,56.19939979126294,39667.66701456176,1009.9461154777649,97.78333528350853
2025-02-07 09:45:00,31.6293922460509,55.055911630923646,41573.48061512726,1012.7421084368801,52.246574250907976
2025-02-07 10:00:00,32.32050807568877,54.01923788646685,43301.27018922193,990.0046229757485,58.08320326118499
2025-02-07 10:15:00,32.93745483065376,53.093817754019355,44843.637076634404,1010.188752467145,81.99757996144432
2025-02-07 10:30:00,33.477590650225736,52.283614024661404,46193.97662556433,991.0811981915148,55.71899567734835
2025-02-07 10:45:00,33.93860258990212,51.59209611514683,47346.50647475529,1007.0530145102643,99.88376981189494
2025-02-07 11:00:00,34.31851652578137,51.02222521132795,48296.29131445342,1004.9501775912643,71.64991260881168
2025-02-07 11:15:00,34.615705608064616,50.57644158790308,49039.26402016153,1013.8004073059999,53.4476433011074
2025-02-07 11:30:00,34.828897227476205,50.25665415878569,49572.24306869051,1005.7969773060049,58.25104335892415
2025-02-07 11:45:00,34.95717846477207,50.064232302841894,49892.94616193017,991.748476602102,77.11296570631696
2025-02-07 12:00:00,35.0,50.0,50000.0,1006.7599495787041,93.51475592413674
2025-02-07 12:15:00,34.95717846477207,50.06423230284189,49892.94616193018,996.3730104162169,62.85234847676072
2025-02-07 12:30:00,34.828897227476205,50.25665415878569,49572.24306869051,1010.7985998383685,69.96896539641867
2025-02-07 12:45:00,34.615705608064616,50.57644158790308,49039.26402016153,990.7865522477651,78.44838972101304
2025-02-07 13:00:00,34.31851652578137,51.02222521132794,48296.291314453425,998.1033955942887,82.5345255477839
2025-02-07 13:15:00,33.93860258990212,51.59209611514683,47346.50647475529,1006.9108971745006,86.16367709717318
2025-02-07 13:30:00,33.477590650225736,52.28361402466139,46193.97662556434,993.8908700034996,66.2377082602277
2025-02-07 13:45:00,32.93745483065376,53.093817754019355,44843.63707663441,1006.1568002313926,68.53189910721215
2025-02-07 14:00:00,32.32050807568878,54.01923788646684,43301.270189221934,1007.4306201319547,93.68014124223637
2025-02-07 14:15:00,31.6293922460509,55.055911630923646,41573.48061512726,1008.3444416240967,95.30420129915359
2025-02-07 14:30:00,30.867066805824706,56.19939979126294,39667.66701456176,1011.883379803777,70.86998351313898
2025-02-07 14:45:00,30.03679614957955,57.44480577563068,37591.99037394887,1000.3291529012995,99.8274884328866
2025-02-07 15:00:00,29.142135623730955,58.78679656440357,35355.33905932739,993.562074337281,58.75878725510367
2025-02-07 15:15:00,28.18691630200138,60.21962554699793,32967.29075500345,996.5077732597787,91.16457280552322
2025-02-07 15:30:00,27.175228580174416,61.73715712973838,30438.071450436037,999.7421350360663,95.44618046003177
2025-02-07 15:45:00,26.111404660392047,63.33289300941193,27778.51165098012,991.3644392544159,78.23316206588306
2025-02-07 16:00:00,25.0,78.0,9999.999999999998,1007.7137207437337,84.59610164684321
2025-02-07 16:15:00,23.845773804380034,80.07760715211595,8845.773804380033,991.575266194353,53.00488899841629
2025-02-07 16:30:00,22.6536686473018,82.22339643485675,7653.668647301798,991.4427189307115,92.13180302744328
2025-02-07 16:45:00,21.428789306063237,84.42817924908617,6428.789306063237,1013.3124884305449,84.1581594284871
2025-02-07 17:00:00,20.17638090205042,72.23542864692438,12940.95225512605,1010.156146958521,78.9211176603753
2025-02-07 17:15:00,18.901806440322563,74.14729033951616,9754.516100806408,996.3420261703408,79.0615915049373
2025-02-07 17:30:00,17.61052384440104,76.08421423339844,6526.3096110026,998.5427022951575,57.99673347550539
2025-02-07 17:45:00,16.30806258460286,78.03790612309571,3270.1564615071557,1010.6479924950305,92.36505588134298
2025-02-07 18:00:00,15.000000000000002,80.0,6.123233995736766e-12,1005.4808866164589,76.45623954513584
2025-02-07 18:15:00,13.691937415397142,81.96209387690429,0.0,996.6229404052419,80.39580876055955
2025-02-07 18:30:00,12.389476155598965,83.91578576660156,0.0,1001.2254798984992,58.50409664875075
2025-02-07 18:45:00,11.09819355967744,85.85270966048384,0.0,1011.3889896829224,81.40640842395716
2025-02-07 19:00:00,10.0,87.76457135307562,0.0,990.0172838158012,61.91772440069283
2025-02-07 19:15:00,10.0,89.64318395909484,0.0,1014.8098466613621,88.11863786957548
2025-02-07 19:30:00,10.0,90.0,0.0,1004.148338349637,51.3809482909248
2025-02-07 19:45:00,10.0,90.0,0.0,994.5505019197573,56.221085719081884
2025-02-07 20:00:00,10.0,90.0,0.0,1010.0048201440129,60.55674743849467
2025-02-07 20:15:00,10.0,90.0,0.0,991.9048797006858,70.04740259803933
2025-02-07 20:30:00,10.0,90.0,0.0,1000.2500019842466,93.53414380403049
2025-02-07 20:45:00,10.0,90.0,0.0,1004.3283065817045,50.340136460033484
2025-02-07 21:00:00,10.0,90.0,0.0,996.1798587070494,77.79692421329261
2025-02-07 21:15:00,10.0,90.0,0.0,1012.130820435939,51.80028757623313
2025-02-07 21:30:00,10.0,90.0,0.0,1007.4223509644137,68.98092974638618
2025-02-07 21:45:00,10.0,90.0,0.0,994.0457034724178,64.90818856923346
2025-02-07 22:00:00,10.0,90.0,0.0,993.8149875432189,58.20705597836077
2025-02-07 22:15:00,10.0,90.0,0.0,991.5483299378378,73.96670944523964
2025-02-07 22:30:00,10.0,90.0,0.0,1004.2874628528093,67.09104932552978
2025-02-07 22:45:00,10.0,90.0,0.0,994.6816752533078,63.09325404944567
2025-02-07 23:00:00,10.0,90.0,0.0,1003.5745669023901,80.58427902511959
2025-02-07 23:15:00,10.0,90.0,0.0,1010.4868119530804,62.21741311187054
2025-02-07 23:30:00,10.0,90.0,0.0,1011.9796255192092,98.60053367468099
2025-02-07 23:45:00,10.0,90.0,0.0,992.908758415089,62.47444310006878
